trajectory_id,base_item_id,variant_type,annotator_id,trajectory_has_deviation,event_start_message_id,event_end_message_id,agent_id,temporal_status,content_labels,target_entity_ids,violated_fact_ids,violated_rule_ids,exact_quote,quote_start,quote_end,related_event_ids,uncertain,notes
cbm_v2_family_001::clean_stay,attr_v4_1_000184,clean_stay,annotator_1,,,,,,,,,,,,,,,
cbm_v2_family_001::evidence_update,attr_v4_1_000184,evidence_update,annotator_1,,,,,,,,,,,,,,,
cbm_v2_family_001::irrelevant_noise,attr_v4_1_000184,irrelevant_noise,annotator_1,,,,,,,,,,,,,,,
cbm_v2_family_002::clean_stay,attr_v4_1_000202,clean_stay,annotator_1,,,,,,,,,,,,,,,
cbm_v2_family_002::evidence_update,attr_v4_1_000202,evidence_update,annotator_1,,,,,,,,,,,,,,,
cbm_v2_family_002::irrelevant_noise,attr_v4_1_000202,irrelevant_noise,annotator_1,,,,,,,,,,,,,,,
cbm_v2_family_003::clean_stay,attr_v4_1_000229,clean_stay,annotator_1,,,,,,,,,,,,,,,
cbm_v2_family_003::evidence_update,attr_v4_1_000229,evidence_update,annotator_1,,,,,,,,,,,,,,,
cbm_v2_family_003::irrelevant_noise,attr_v4_1_000229,irrelevant_noise,annotator_1,,,,,,,,,,,,,,,
cbm_v2_family_004::clean_stay,attr_v4_1_000266,clean_stay,annotator_1,,,,,,,,,,,,,,,
cbm_v2_family_004::evidence_update,attr_v4_1_000266,evidence_update,annotator_1,,,,,,,,,,,,,,,
cbm_v2_family_004::irrelevant_noise,attr_v4_1_000266,irrelevant_noise,annotator_1,,,,,,,,,,,,,,,
cbm_v2_family_005::clean_stay,attr_v4_1_000347,clean_stay,annotator_1,,,,,,,,,,,,,,,
cbm_v2_family_005::evidence_update,attr_v4_1_000347,evidence_update,annotator_1,,,,,,,,,,,,,,,
cbm_v2_family_005::irrelevant_noise,attr_v4_1_000347,irrelevant_noise,annotator_1,,,,,,,,,,,,,,,
cbm_v2_family_006::clean_stay,attr_v4_1_000372,clean_stay,annotator_1,,,,,,,,,,,,,,,
cbm_v2_family_006::evidence_update,attr_v4_1_000372,evidence_update,annotator_1,,,,,,,,,,,,,,,
cbm_v2_family_006::irrelevant_noise,attr_v4_1_000372,irrelevant_noise,annotator_1,,,,,,,,,,,,,,,
cbm_v2_family_007::clean_stay,attr_v4_1_000390,clean_stay,annotator_1,,,,,,,,,,,,,,,
cbm_v2_family_007::evidence_update,attr_v4_1_000390,evidence_update,annotator_1,,,,,,,,,,,,,,,
cbm_v2_family_007::irrelevant_noise,attr_v4_1_000390,irrelevant_noise,annotator_1,,,,,,,,,,,,,,,
cbm_v2_family_008::clean_stay,attr_v4_1_000417,clean_stay,annotator_1,,,,,,,,,,,,,,,
cbm_v2_family_008::evidence_update,attr_v4_1_000417,evidence_update,annotator_1,,,,,,,,,,,,,,,
cbm_v2_family_008::irrelevant_noise,attr_v4_1_000417,irrelevant_noise,annotator_1,,,,,,,,,,,,,,,
cbm_v2_family_009::clean_stay,attr_v4_1_000458,clean_stay,annotator_1,,,,,,,,,,,,,,,
cbm_v2_family_009::evidence_update,attr_v4_1_000458,evidence_update,annotator_1,,,,,,,,,,,,,,,
cbm_v2_family_009::irrelevant_noise,attr_v4_1_000458,irrelevant_noise,annotator_1,,,,,,,,,,,,,,,
cbm_v2_family_010::clean_stay,attr_v4_1_000460,clean_stay,annotator_1,,,,,,,,,,,,,,,
cbm_v2_family_010::evidence_update,attr_v4_1_000460,evidence_update,annotator_1,,,,,,,,,,,,,,,
cbm_v2_family_010::irrelevant_noise,attr_v4_1_000460,irrelevant_noise,annotator_1,,,,,,,,,,,,,,,
cbm_v2_family_011::clean_stay,attr_v4_1_000497,clean_stay,annotator_1,,,,,,,,,,,,,,,
cbm_v2_family_011::evidence_update,attr_v4_1_000497,evidence_update,annotator_1,,,,,,,,,,,,,,,
cbm_v2_family_011::irrelevant_noise,attr_v4_1_000497,irrelevant_noise,annotator_1,,,,,,,,,,,,,,,
cbm_v2_family_012::clean_stay,attr_v4_1_000519,clean_stay,annotator_1,,,,,,,,,,,,,,,
cbm_v2_family_012::evidence_update,attr_v4_1_000519,evidence_update,annotator_1,,,,,,,,,,,,,,,
cbm_v2_family_012::irrelevant_noise,attr_v4_1_000519,irrelevant_noise,annotator_1,,,,,,,,,,,,,,,
