section,group,metric,numerator,denominator,value
condition,A_original,overall_exact_accuracy,25,26,0.961538
condition,A_original,api_success_rate,26,26,1.0
condition,A_original,recognizable_rate,26,26,1.0
condition,A_original,strict_schema_rate,26,26,1.0
condition,A_original,valid_answer_exact_accuracy,25,26,0.961538
condition,B_source_set,overall_exact_accuracy,0,26,0.0
condition,B_source_set,api_success_rate,26,26,1.0
condition,B_source_set,recognizable_rate,26,26,1.0
condition,B_source_set,strict_schema_rate,26,26,1.0
condition,B_source_set,valid_answer_exact_accuracy,0,26,0.0
condition,C_clean:r1,overall_exact_accuracy,6,25,0.24
condition,C_clean:r1,api_success_rate,25,25,1.0
condition,C_clean:r1,recognizable_rate,25,25,1.0
condition,C_clean:r1,strict_schema_rate,23,25,0.92
condition,C_clean:r1,valid_answer_exact_accuracy,6,25,0.24
condition,C_clean:r2,overall_exact_accuracy,9,25,0.36
condition,C_clean:r2,api_success_rate,25,25,1.0
condition,C_clean:r2,recognizable_rate,25,25,1.0
condition,C_clean:r2,strict_schema_rate,22,25,0.88
condition,C_clean:r2,valid_answer_exact_accuracy,9,25,0.36
condition,C_clean:r3,overall_exact_accuracy,10,25,0.4
condition,C_clean:r3,api_success_rate,25,25,1.0
condition,C_clean:r3,recognizable_rate,25,25,1.0
condition,C_clean:r3,strict_schema_rate,23,25,0.92
condition,C_clean:r3,valid_answer_exact_accuracy,10,25,0.4
condition,C_clean:r4,overall_exact_accuracy,10,25,0.4
condition,C_clean:r4,api_success_rate,25,25,1.0
condition,C_clean:r4,recognizable_rate,25,25,1.0
condition,C_clean:r4,strict_schema_rate,23,25,0.92
condition,C_clean:r4,valid_answer_exact_accuracy,10,25,0.4
condition,C_clean:r5,overall_exact_accuracy,10,25,0.4
condition,C_clean:r5,api_success_rate,25,25,1.0
condition,C_clean:r5,recognizable_rate,25,25,1.0
condition,C_clean:r5,strict_schema_rate,23,25,0.92
condition,C_clean:r5,valid_answer_exact_accuracy,10,25,0.4
condition,D_update:r4,overall_exact_accuracy,11,24,0.458333
condition,D_update:r4,api_success_rate,24,24,1.0
condition,D_update:r4,recognizable_rate,24,24,1.0
condition,D_update:r4,strict_schema_rate,21,24,0.875
condition,D_update:r4,valid_answer_exact_accuracy,11,24,0.458333
condition,D_update:r5,overall_exact_accuracy,11,23,0.478261
condition,D_update:r5,api_success_rate,23,23,1.0
condition,D_update:r5,recognizable_rate,23,23,1.0
condition,D_update:r5,strict_schema_rate,20,23,0.869565
condition,D_update:r5,valid_answer_exact_accuracy,11,23,0.478261
condition,E_noise:r1,overall_exact_accuracy,5,25,0.2
condition,E_noise:r1,api_success_rate,25,25,1.0
condition,E_noise:r1,recognizable_rate,25,25,1.0
condition,E_noise:r1,strict_schema_rate,24,25,0.96
condition,E_noise:r1,valid_answer_exact_accuracy,5,25,0.2
condition,E_noise:r2,overall_exact_accuracy,10,25,0.4
condition,E_noise:r2,api_success_rate,25,25,1.0
condition,E_noise:r2,recognizable_rate,25,25,1.0
condition,E_noise:r2,strict_schema_rate,24,25,0.96
condition,E_noise:r2,valid_answer_exact_accuracy,10,25,0.4
condition,E_noise:r3,overall_exact_accuracy,6,24,0.25
condition,E_noise:r3,api_success_rate,24,24,1.0
condition,E_noise:r3,recognizable_rate,24,24,1.0
condition,E_noise:r3,strict_schema_rate,23,24,0.958333
condition,E_noise:r3,valid_answer_exact_accuracy,6,24,0.25
condition,E_noise:r4,overall_exact_accuracy,6,24,0.25
condition,E_noise:r4,api_success_rate,24,24,1.0
condition,E_noise:r4,recognizable_rate,24,24,1.0
condition,E_noise:r4,strict_schema_rate,22,24,0.916667
condition,E_noise:r4,valid_answer_exact_accuracy,6,24,0.25
condition,E_noise:r5,overall_exact_accuracy,6,24,0.25
condition,E_noise:r5,api_success_rate,24,24,1.0
condition,E_noise:r5,recognizable_rate,24,24,1.0
condition,E_noise:r5,strict_schema_rate,22,24,0.916667
condition,E_noise:r5,valid_answer_exact_accuracy,6,24,0.25
condition,P_snapshot:C_clean:r1,overall_exact_accuracy,6,23,0.26087
condition,P_snapshot:C_clean:r1,api_success_rate,23,23,1.0
condition,P_snapshot:C_clean:r1,recognizable_rate,23,23,1.0
condition,P_snapshot:C_clean:r1,strict_schema_rate,20,23,0.869565
condition,P_snapshot:C_clean:r1,valid_answer_exact_accuracy,6,23,0.26087
condition,P_snapshot:C_clean:r2,overall_exact_accuracy,1,22,0.045455
condition,P_snapshot:C_clean:r2,api_success_rate,22,22,1.0
condition,P_snapshot:C_clean:r2,recognizable_rate,22,22,1.0
condition,P_snapshot:C_clean:r2,strict_schema_rate,22,22,1.0
condition,P_snapshot:C_clean:r2,valid_answer_exact_accuracy,1,22,0.045455
condition,P_snapshot:C_clean:r3,overall_exact_accuracy,0,22,0.0
condition,P_snapshot:C_clean:r3,api_success_rate,22,22,1.0
condition,P_snapshot:C_clean:r3,recognizable_rate,22,22,1.0
condition,P_snapshot:C_clean:r3,strict_schema_rate,22,22,1.0
condition,P_snapshot:C_clean:r3,valid_answer_exact_accuracy,0,22,0.0
condition,P_snapshot:C_clean:r4,overall_exact_accuracy,0,22,0.0
condition,P_snapshot:C_clean:r4,api_success_rate,22,22,1.0
condition,P_snapshot:C_clean:r4,recognizable_rate,22,22,1.0
condition,P_snapshot:C_clean:r4,strict_schema_rate,22,22,1.0
condition,P_snapshot:C_clean:r4,valid_answer_exact_accuracy,0,22,0.0
condition,P_snapshot:C_clean:r5,overall_exact_accuracy,0,22,0.0
condition,P_snapshot:C_clean:r5,api_success_rate,22,22,1.0
condition,P_snapshot:C_clean:r5,recognizable_rate,22,22,1.0
condition,P_snapshot:C_clean:r5,strict_schema_rate,22,22,1.0
condition,P_snapshot:C_clean:r5,valid_answer_exact_accuracy,0,22,0.0
condition,P_snapshot:D_update:r4,overall_exact_accuracy,6,22,0.272727
condition,P_snapshot:D_update:r4,api_success_rate,22,22,1.0
condition,P_snapshot:D_update:r4,recognizable_rate,22,22,1.0
condition,P_snapshot:D_update:r4,strict_schema_rate,22,22,1.0
condition,P_snapshot:D_update:r4,valid_answer_exact_accuracy,6,22,0.272727
condition,P_snapshot:D_update:r5,overall_exact_accuracy,5,22,0.227273
condition,P_snapshot:D_update:r5,api_success_rate,22,22,1.0
condition,P_snapshot:D_update:r5,recognizable_rate,22,22,1.0
condition,P_snapshot:D_update:r5,strict_schema_rate,22,22,1.0
condition,P_snapshot:D_update:r5,valid_answer_exact_accuracy,5,22,0.227273
condition,P_snapshot:E_noise:r1,overall_exact_accuracy,3,22,0.136364
condition,P_snapshot:E_noise:r1,api_success_rate,22,22,1.0
condition,P_snapshot:E_noise:r1,recognizable_rate,22,22,1.0
condition,P_snapshot:E_noise:r1,strict_schema_rate,21,22,0.954545
condition,P_snapshot:E_noise:r1,valid_answer_exact_accuracy,3,22,0.136364
condition,P_snapshot:E_noise:r2,overall_exact_accuracy,1,22,0.045455
condition,P_snapshot:E_noise:r2,api_success_rate,22,22,1.0
condition,P_snapshot:E_noise:r2,recognizable_rate,22,22,1.0
condition,P_snapshot:E_noise:r2,strict_schema_rate,22,22,1.0
condition,P_snapshot:E_noise:r2,valid_answer_exact_accuracy,1,22,0.045455
condition,P_snapshot:E_noise:r3,overall_exact_accuracy,0,22,0.0
condition,P_snapshot:E_noise:r3,api_success_rate,22,22,1.0
condition,P_snapshot:E_noise:r3,recognizable_rate,22,22,1.0
condition,P_snapshot:E_noise:r3,strict_schema_rate,22,22,1.0
condition,P_snapshot:E_noise:r3,valid_answer_exact_accuracy,0,22,0.0
condition,P_snapshot:E_noise:r4,overall_exact_accuracy,0,22,0.0
condition,P_snapshot:E_noise:r4,api_success_rate,22,22,1.0
condition,P_snapshot:E_noise:r4,recognizable_rate,22,22,1.0
condition,P_snapshot:E_noise:r4,strict_schema_rate,22,22,1.0
condition,P_snapshot:E_noise:r4,valid_answer_exact_accuracy,0,22,0.0
condition,P_snapshot:E_noise:r5,overall_exact_accuracy,0,22,0.0
condition,P_snapshot:E_noise:r5,api_success_rate,22,22,1.0
condition,P_snapshot:E_noise:r5,recognizable_rate,22,22,1.0
condition,P_snapshot:E_noise:r5,strict_schema_rate,22,22,1.0
condition,P_snapshot:E_noise:r5,valid_answer_exact_accuracy,0,22,0.0
set_errors,valid_incorrect_sets,contains_omission,56,463,0.12095
set_errors,valid_incorrect_sets,contains_excess,462,463,0.99784
set_errors,valid_candidate_sets,mean_jaccard,,585,0.556553
retention,all_unchanged_oracle_transitions,current_error_rate,117,178,0.657303
retention,previous_correct,correct_to_wrong_rate,8,61,0.131148
retention,previous_wrong,error_continuation_rate,109,117,0.931624
retention,all_unchanged_oracle_transitions,complete_pair_rate,178,178,1.0
update,all:r4,exact_accuracy,11,24,0.458333
update,all:r4,target_candidate_restored,23,24,0.958333
update,all:r4,old_set_persistence,0,24,0.0
update,all:r4,gold_erroneously_excluded,0,24,0.0
update,all:r4,unrelated_candidate_restored,13,24,0.541667
update,all:r5,exact_accuracy,11,23,0.478261
update,all:r5,target_candidate_restored,22,23,0.956522
update,all:r5,old_set_persistence,0,23,0.0
update,all:r5,gold_erroneously_excluded,0,23,0.0
update,all:r5,unrelated_candidate_restored,12,23,0.521739
update,correction_size_1:r4,exact_accuracy,3,9,0.333333
update,correction_size_1:r4,target_candidate_restored,8,9,0.888889
update,correction_size_1:r4,old_set_persistence,0,9,0.0
update,correction_size_1:r4,gold_erroneously_excluded,0,9,0.0
update,correction_size_1:r4,unrelated_candidate_restored,6,9,0.666667
update,correction_size_1:r5,exact_accuracy,3,9,0.333333
update,correction_size_1:r5,target_candidate_restored,8,9,0.888889
update,correction_size_1:r5,old_set_persistence,0,9,0.0
update,correction_size_1:r5,gold_erroneously_excluded,0,9,0.0
update,correction_size_1:r5,unrelated_candidate_restored,6,9,0.666667
update,correction_size_2:r4,exact_accuracy,3,5,0.6
update,correction_size_2:r4,target_candidate_restored,5,5,1.0
update,correction_size_2:r4,old_set_persistence,0,5,0.0
update,correction_size_2:r4,gold_erroneously_excluded,0,5,0.0
update,correction_size_2:r4,unrelated_candidate_restored,2,5,0.4
update,correction_size_2:r5,exact_accuracy,3,4,0.75
update,correction_size_2:r5,target_candidate_restored,4,4,1.0
update,correction_size_2:r5,old_set_persistence,0,4,0.0
update,correction_size_2:r5,gold_erroneously_excluded,0,4,0.0
update,correction_size_2:r5,unrelated_candidate_restored,1,4,0.25
update,correction_size_3:r4,exact_accuracy,4,6,0.666667
update,correction_size_3:r4,target_candidate_restored,6,6,1.0
update,correction_size_3:r4,old_set_persistence,0,6,0.0
update,correction_size_3:r4,gold_erroneously_excluded,0,6,0.0
update,correction_size_3:r4,unrelated_candidate_restored,2,6,0.333333
update,correction_size_3:r5,exact_accuracy,4,6,0.666667
update,correction_size_3:r5,target_candidate_restored,6,6,1.0
update,correction_size_3:r5,old_set_persistence,0,6,0.0
update,correction_size_3:r5,gold_erroneously_excluded,0,6,0.0
update,correction_size_3:r5,unrelated_candidate_restored,2,6,0.333333
update,correction_size_4:r4,exact_accuracy,1,4,0.25
update,correction_size_4:r4,target_candidate_restored,4,4,1.0
update,correction_size_4:r4,old_set_persistence,0,4,0.0
update,correction_size_4:r4,gold_erroneously_excluded,0,4,0.0
update,correction_size_4:r4,unrelated_candidate_restored,3,4,0.75
update,correction_size_4:r5,exact_accuracy,1,4,0.25
update,correction_size_4:r5,target_candidate_restored,4,4,1.0
update,correction_size_4:r5,old_set_persistence,0,4,0.0
update,correction_size_4:r5,gold_erroneously_excluded,0,4,0.0
update,correction_size_4:r5,unrelated_candidate_restored,3,4,0.75
noise_pair,all_round_matched_pairs,both_correct,31,122,0.254098
noise_pair,all_round_matched_pairs,clean_correct_noise_wrong,14,122,0.114754
noise_pair,all_round_matched_pairs,clean_wrong_noise_correct,2,122,0.016393
noise_pair,all_round_matched_pairs,both_wrong,75,122,0.614754
noise_pair,clean_correct_pairs,clean_to_noise_error_conditional,14,45,0.311111
noise_pair,all_round_matched_pairs,noise_minus_clean_accuracy,-12,122,-0.098361
dynamic_snapshot,C_clean:r1,dynamic_accuracy,4,23,0.173913
dynamic_snapshot,C_clean:r1,snapshot_accuracy,6,23,0.26087
dynamic_snapshot,C_clean:r1,snapshot_correct_dynamic_wrong,3,23,0.130435
dynamic_snapshot,C_clean:r1,dynamic_correct_snapshot_wrong,1,23,0.043478
dynamic_snapshot,C_clean:r2,dynamic_accuracy,9,22,0.409091
dynamic_snapshot,C_clean:r2,snapshot_accuracy,1,22,0.045455
dynamic_snapshot,C_clean:r2,snapshot_correct_dynamic_wrong,1,22,0.045455
dynamic_snapshot,C_clean:r2,dynamic_correct_snapshot_wrong,9,22,0.409091
dynamic_snapshot,C_clean:r3,dynamic_accuracy,9,22,0.409091
dynamic_snapshot,C_clean:r3,snapshot_accuracy,0,22,0.0
dynamic_snapshot,C_clean:r3,snapshot_correct_dynamic_wrong,0,22,0.0
dynamic_snapshot,C_clean:r3,dynamic_correct_snapshot_wrong,9,22,0.409091
dynamic_snapshot,C_clean:r4,dynamic_accuracy,9,22,0.409091
dynamic_snapshot,C_clean:r4,snapshot_accuracy,0,22,0.0
dynamic_snapshot,C_clean:r4,snapshot_correct_dynamic_wrong,0,22,0.0
dynamic_snapshot,C_clean:r4,dynamic_correct_snapshot_wrong,9,22,0.409091
dynamic_snapshot,C_clean:r5,dynamic_accuracy,9,22,0.409091
dynamic_snapshot,C_clean:r5,snapshot_accuracy,0,22,0.0
dynamic_snapshot,C_clean:r5,snapshot_correct_dynamic_wrong,0,22,0.0
dynamic_snapshot,C_clean:r5,dynamic_correct_snapshot_wrong,9,22,0.409091
dynamic_snapshot,D_update:r4,dynamic_accuracy,10,22,0.454545
dynamic_snapshot,D_update:r4,snapshot_accuracy,6,22,0.272727
dynamic_snapshot,D_update:r4,snapshot_correct_dynamic_wrong,1,22,0.045455
dynamic_snapshot,D_update:r4,dynamic_correct_snapshot_wrong,5,22,0.227273
dynamic_snapshot,D_update:r5,dynamic_accuracy,10,22,0.454545
dynamic_snapshot,D_update:r5,snapshot_accuracy,5,22,0.227273
dynamic_snapshot,D_update:r5,snapshot_correct_dynamic_wrong,1,22,0.045455
dynamic_snapshot,D_update:r5,dynamic_correct_snapshot_wrong,6,22,0.272727
dynamic_snapshot,E_noise:r1,dynamic_accuracy,4,22,0.181818
dynamic_snapshot,E_noise:r1,snapshot_accuracy,3,22,0.136364
dynamic_snapshot,E_noise:r1,snapshot_correct_dynamic_wrong,0,22,0.0
dynamic_snapshot,E_noise:r1,dynamic_correct_snapshot_wrong,1,22,0.045455
dynamic_snapshot,E_noise:r2,dynamic_accuracy,10,22,0.454545
dynamic_snapshot,E_noise:r2,snapshot_accuracy,1,22,0.045455
dynamic_snapshot,E_noise:r2,snapshot_correct_dynamic_wrong,1,22,0.045455
dynamic_snapshot,E_noise:r2,dynamic_correct_snapshot_wrong,10,22,0.454545
dynamic_snapshot,E_noise:r3,dynamic_accuracy,6,22,0.272727
dynamic_snapshot,E_noise:r3,snapshot_accuracy,0,22,0.0
dynamic_snapshot,E_noise:r3,snapshot_correct_dynamic_wrong,0,22,0.0
dynamic_snapshot,E_noise:r3,dynamic_correct_snapshot_wrong,6,22,0.272727
dynamic_snapshot,E_noise:r4,dynamic_accuracy,6,22,0.272727
dynamic_snapshot,E_noise:r4,snapshot_accuracy,0,22,0.0
dynamic_snapshot,E_noise:r4,snapshot_correct_dynamic_wrong,0,22,0.0
dynamic_snapshot,E_noise:r4,dynamic_correct_snapshot_wrong,6,22,0.272727
dynamic_snapshot,E_noise:r5,dynamic_accuracy,6,22,0.272727
dynamic_snapshot,E_noise:r5,snapshot_accuracy,0,22,0.0
dynamic_snapshot,E_noise:r5,snapshot_correct_dynamic_wrong,0,22,0.0
dynamic_snapshot,E_noise:r5,dynamic_correct_snapshot_wrong,6,22,0.272727
cell_exploratory,A_original:CL1__DS1_far__IL1_low,overall_exact_accuracy,9,9,1.0
cell_exploratory,A_original:CL1__DS1_far__IL2_high,overall_exact_accuracy,1,1,1.0
cell_exploratory,A_original:CL1__DS2_medium__IL1_low,overall_exact_accuracy,1,1,1.0
cell_exploratory,A_original:CL1__DS2_medium__IL2_high,overall_exact_accuracy,1,1,1.0
cell_exploratory,A_original:CL1__DS3_near__IL1_low,overall_exact_accuracy,1,1,1.0
cell_exploratory,A_original:CL1__DS3_near__IL2_high,overall_exact_accuracy,1,1,1.0
cell_exploratory,A_original:CL2__DS1_far__IL1_low,overall_exact_accuracy,1,1,1.0
cell_exploratory,A_original:CL2__DS1_far__IL2_high,overall_exact_accuracy,1,1,1.0
cell_exploratory,A_original:CL2__DS2_medium__IL1_low,overall_exact_accuracy,1,1,1.0
cell_exploratory,A_original:CL2__DS2_medium__IL2_high,overall_exact_accuracy,1,1,1.0
cell_exploratory,A_original:CL2__DS3_near__IL1_low,overall_exact_accuracy,1,1,1.0
cell_exploratory,A_original:CL2__DS3_near__IL2_high,overall_exact_accuracy,0,1,0.0
cell_exploratory,A_original:CL3__DS1_far__IL1_low,overall_exact_accuracy,1,1,1.0
cell_exploratory,A_original:CL3__DS1_far__IL2_high,overall_exact_accuracy,1,1,1.0
cell_exploratory,A_original:CL3__DS2_medium__IL1_low,overall_exact_accuracy,1,1,1.0
cell_exploratory,A_original:CL3__DS2_medium__IL2_high,overall_exact_accuracy,1,1,1.0
cell_exploratory,A_original:CL3__DS3_near__IL1_low,overall_exact_accuracy,1,1,1.0
cell_exploratory,A_original:CL3__DS3_near__IL2_high,overall_exact_accuracy,1,1,1.0
cell_exploratory,B_source_set:CL1__DS1_far__IL1_low,overall_exact_accuracy,0,9,0.0
cell_exploratory,B_source_set:CL1__DS1_far__IL2_high,overall_exact_accuracy,0,1,0.0
cell_exploratory,B_source_set:CL1__DS2_medium__IL1_low,overall_exact_accuracy,0,1,0.0
cell_exploratory,B_source_set:CL1__DS2_medium__IL2_high,overall_exact_accuracy,0,1,0.0
cell_exploratory,B_source_set:CL1__DS3_near__IL1_low,overall_exact_accuracy,0,1,0.0
cell_exploratory,B_source_set:CL1__DS3_near__IL2_high,overall_exact_accuracy,0,1,0.0
cell_exploratory,B_source_set:CL2__DS1_far__IL1_low,overall_exact_accuracy,0,1,0.0
cell_exploratory,B_source_set:CL2__DS1_far__IL2_high,overall_exact_accuracy,0,1,0.0
cell_exploratory,B_source_set:CL2__DS2_medium__IL1_low,overall_exact_accuracy,0,1,0.0
cell_exploratory,B_source_set:CL2__DS2_medium__IL2_high,overall_exact_accuracy,0,1,0.0
cell_exploratory,B_source_set:CL2__DS3_near__IL1_low,overall_exact_accuracy,0,1,0.0
cell_exploratory,B_source_set:CL2__DS3_near__IL2_high,overall_exact_accuracy,0,1,0.0
cell_exploratory,B_source_set:CL3__DS1_far__IL1_low,overall_exact_accuracy,0,1,0.0
cell_exploratory,B_source_set:CL3__DS1_far__IL2_high,overall_exact_accuracy,0,1,0.0
cell_exploratory,B_source_set:CL3__DS2_medium__IL1_low,overall_exact_accuracy,0,1,0.0
cell_exploratory,B_source_set:CL3__DS2_medium__IL2_high,overall_exact_accuracy,0,1,0.0
cell_exploratory,B_source_set:CL3__DS3_near__IL1_low,overall_exact_accuracy,0,1,0.0
cell_exploratory,B_source_set:CL3__DS3_near__IL2_high,overall_exact_accuracy,0,1,0.0
cell_exploratory,C_clean_r3:CL1__DS1_far__IL1_low,overall_exact_accuracy,6,8,0.75
cell_exploratory,C_clean_r3:CL1__DS1_far__IL2_high,overall_exact_accuracy,1,1,1.0
cell_exploratory,C_clean_r3:CL1__DS2_medium__IL1_low,overall_exact_accuracy,0,1,0.0
cell_exploratory,C_clean_r3:CL1__DS2_medium__IL2_high,overall_exact_accuracy,0,1,0.0
cell_exploratory,C_clean_r3:CL1__DS3_near__IL1_low,overall_exact_accuracy,0,1,0.0
cell_exploratory,C_clean_r3:CL1__DS3_near__IL2_high,overall_exact_accuracy,0,1,0.0
cell_exploratory,C_clean_r3:CL2__DS1_far__IL1_low,overall_exact_accuracy,0,1,0.0
cell_exploratory,C_clean_r3:CL2__DS1_far__IL2_high,overall_exact_accuracy,1,1,1.0
cell_exploratory,C_clean_r3:CL2__DS2_medium__IL1_low,overall_exact_accuracy,1,1,1.0
cell_exploratory,C_clean_r3:CL2__DS2_medium__IL2_high,overall_exact_accuracy,1,1,1.0
cell_exploratory,C_clean_r3:CL2__DS3_near__IL1_low,overall_exact_accuracy,0,1,0.0
cell_exploratory,C_clean_r3:CL2__DS3_near__IL2_high,overall_exact_accuracy,0,1,0.0
cell_exploratory,C_clean_r3:CL3__DS1_far__IL1_low,overall_exact_accuracy,0,1,0.0
cell_exploratory,C_clean_r3:CL3__DS1_far__IL2_high,overall_exact_accuracy,0,1,0.0
cell_exploratory,C_clean_r3:CL3__DS2_medium__IL1_low,overall_exact_accuracy,0,1,0.0
cell_exploratory,C_clean_r3:CL3__DS2_medium__IL2_high,overall_exact_accuracy,0,1,0.0
cell_exploratory,C_clean_r3:CL3__DS3_near__IL1_low,overall_exact_accuracy,0,1,0.0
cell_exploratory,C_clean_r3:CL3__DS3_near__IL2_high,overall_exact_accuracy,0,1,0.0
cell_exploratory,E_noise_r3:CL1__DS1_far__IL1_low,overall_exact_accuracy,3,7,0.428571
cell_exploratory,E_noise_r3:CL1__DS1_far__IL2_high,overall_exact_accuracy,1,1,1.0
cell_exploratory,E_noise_r3:CL1__DS2_medium__IL1_low,overall_exact_accuracy,0,1,0.0
cell_exploratory,E_noise_r3:CL1__DS2_medium__IL2_high,overall_exact_accuracy,0,1,0.0
cell_exploratory,E_noise_r3:CL1__DS3_near__IL1_low,overall_exact_accuracy,0,1,0.0
cell_exploratory,E_noise_r3:CL1__DS3_near__IL2_high,overall_exact_accuracy,0,1,0.0
cell_exploratory,E_noise_r3:CL2__DS1_far__IL1_low,overall_exact_accuracy,0,1,0.0
cell_exploratory,E_noise_r3:CL2__DS1_far__IL2_high,overall_exact_accuracy,1,1,1.0
cell_exploratory,E_noise_r3:CL2__DS2_medium__IL1_low,overall_exact_accuracy,0,1,0.0
cell_exploratory,E_noise_r3:CL2__DS2_medium__IL2_high,overall_exact_accuracy,1,1,1.0
cell_exploratory,E_noise_r3:CL2__DS3_near__IL1_low,overall_exact_accuracy,0,1,0.0
cell_exploratory,E_noise_r3:CL2__DS3_near__IL2_high,overall_exact_accuracy,0,1,0.0
cell_exploratory,E_noise_r3:CL3__DS1_far__IL1_low,overall_exact_accuracy,0,1,0.0
cell_exploratory,E_noise_r3:CL3__DS1_far__IL2_high,overall_exact_accuracy,0,1,0.0
cell_exploratory,E_noise_r3:CL3__DS2_medium__IL1_low,overall_exact_accuracy,0,1,0.0
cell_exploratory,E_noise_r3:CL3__DS2_medium__IL2_high,overall_exact_accuracy,0,1,0.0
cell_exploratory,E_noise_r3:CL3__DS3_near__IL1_low,overall_exact_accuracy,0,1,0.0
cell_exploratory,E_noise_r3:CL3__DS3_near__IL2_high,overall_exact_accuracy,0,1,0.0
cell_exploratory,D_update_r4:CL1__DS1_far__IL1_low,overall_exact_accuracy,6,7,0.857143
cell_exploratory,D_update_r4:CL1__DS1_far__IL2_high,overall_exact_accuracy,1,1,1.0
cell_exploratory,D_update_r4:CL1__DS2_medium__IL1_low,overall_exact_accuracy,1,1,1.0
cell_exploratory,D_update_r4:CL1__DS2_medium__IL2_high,overall_exact_accuracy,0,1,0.0
cell_exploratory,D_update_r4:CL1__DS3_near__IL1_low,overall_exact_accuracy,0,1,0.0
cell_exploratory,D_update_r4:CL1__DS3_near__IL2_high,overall_exact_accuracy,0,1,0.0
cell_exploratory,D_update_r4:CL2__DS1_far__IL1_low,overall_exact_accuracy,0,1,0.0
cell_exploratory,D_update_r4:CL2__DS1_far__IL2_high,overall_exact_accuracy,1,1,1.0
cell_exploratory,D_update_r4:CL2__DS2_medium__IL1_low,overall_exact_accuracy,0,1,0.0
cell_exploratory,D_update_r4:CL2__DS2_medium__IL2_high,overall_exact_accuracy,1,1,1.0
cell_exploratory,D_update_r4:CL2__DS3_near__IL1_low,overall_exact_accuracy,0,1,0.0
cell_exploratory,D_update_r4:CL2__DS3_near__IL2_high,overall_exact_accuracy,0,1,0.0
cell_exploratory,D_update_r4:CL3__DS1_far__IL1_low,overall_exact_accuracy,0,1,0.0
cell_exploratory,D_update_r4:CL3__DS1_far__IL2_high,overall_exact_accuracy,0,1,0.0
cell_exploratory,D_update_r4:CL3__DS2_medium__IL1_low,overall_exact_accuracy,1,1,1.0
cell_exploratory,D_update_r4:CL3__DS2_medium__IL2_high,overall_exact_accuracy,0,1,0.0
cell_exploratory,D_update_r4:CL3__DS3_near__IL1_low,overall_exact_accuracy,0,1,0.0
cell_exploratory,D_update_r4:CL3__DS3_near__IL2_high,overall_exact_accuracy,0,1,0.0
