after_accuracy,after_correct,answer_changes,before_accuracy,before_correct,both_correct,both_wrong,branch,condition,correction_rate_given_wrong_start,effective_corrections,harmful_rate_given_correct_start,harmful_revisions,mad_correct_self_wrong,mad_minus_self_accuracy,mad_wrong_self_correct,pairs,peer_adoptions,section,stage,task_family,transitions,valid_pairs,valid_transitions,window
0.506173,82,26,0.37037,60,,,mad,C_clean,0.215686,22,0.0,0,,,,,17,transition,1,cbm,162,,162,pre_to_r1
0.592593,96,38,0.37037,60,,,mad,C_clean,0.352941,36,0.0,0,,,,,27,transition,1,cbm,162,,162,pre_to_r2
0.592593,96,19,0.506173,82,,,mad,C_clean,0.1875,15,0.012195,1,,,,,10,transition,1,cbm,162,,162,r1_to_r2
0.54321,88,32,0.37037,60,,,self,C_clean,0.27451,28,0.0,0,,,,,0,transition,1,cbm,162,,162,pre_to_r1
0.703704,114,62,0.37037,60,,,self,C_clean,0.539216,55,0.016667,1,,,,,0,transition,1,cbm,162,,162,pre_to_r2
0.703704,114,30,0.54321,88,,,self,C_clean,0.364865,27,0.011364,1,,,,,0,transition,1,cbm,162,,162,r1_to_r2
0.5,81,19,0.438272,71,,,mad,C_clean,0.120879,11,0.014085,1,,,,,13,transition,2,cbm,162,,162,pre_to_r1
0.506173,82,22,0.438272,71,,,mad,C_clean,0.142857,13,0.028169,2,,,,,22,transition,2,cbm,162,,162,pre_to_r2
0.506173,82,5,0.5,81,,,mad,C_clean,0.037037,3,0.024691,2,,,,,5,transition,2,cbm,162,,162,r1_to_r2
0.438272,71,9,0.438272,71,,,self,C_clean,0.0,0,0.0,0,,,,,0,transition,2,cbm,162,,162,pre_to_r1
0.438272,71,9,0.438272,71,,,self,C_clean,0.0,0,0.0,0,,,,,0,transition,2,cbm,162,,162,pre_to_r2
0.438272,71,0,0.438272,71,,,self,C_clean,0.0,0,0.0,0,,,,,0,transition,2,cbm,162,,162,r1_to_r2
0.469136,76,14,0.419753,68,,,mad,C_clean,0.085106,8,0.0,0,,,,,5,transition,3,cbm,162,,162,pre_to_r1
0.518519,84,22,0.419753,68,,,mad,C_clean,0.170213,16,0.0,0,,,,,14,transition,3,cbm,162,,162,pre_to_r2
0.518519,84,11,0.469136,76,,,mad,C_clean,0.104651,9,0.013158,1,,,,,4,transition,3,cbm,162,,162,r1_to_r2
0.432099,70,5,0.419753,68,,,self,C_clean,0.021277,2,0.0,0,,,,,0,transition,3,cbm,162,,162,pre_to_r1
0.438272,71,8,0.419753,68,,,self,C_clean,0.031915,3,0.0,0,,,,,0,transition,3,cbm,162,,162,pre_to_r2
0.438272,71,3,0.432099,70,,,self,C_clean,0.01087,1,0.0,0,,,,,0,transition,3,cbm,162,,162,r1_to_r2
0.530864,86,2,0.518519,84,,,mad,C_clean,0.025641,2,0.0,0,,,,,2,transition,4,cbm,162,,162,pre_to_r1
0.530864,86,2,0.518519,84,,,mad,C_clean,0.025641,2,0.0,0,,,,,2,transition,4,cbm,162,,162,pre_to_r2
0.530864,86,0,0.530864,86,,,mad,C_clean,0.0,0,0.0,0,,,,,0,transition,4,cbm,162,,162,r1_to_r2
0.518519,84,0,0.518519,84,,,self,C_clean,0.0,0,0.0,0,,,,,0,transition,4,cbm,162,,162,pre_to_r1
0.518519,84,0,0.518519,84,,,self,C_clean,0.0,0,0.0,0,,,,,0,transition,4,cbm,162,,162,pre_to_r2
0.518519,84,0,0.518519,84,,,self,C_clean,0.0,0,0.0,0,,,,,0,transition,4,cbm,162,,162,r1_to_r2
0.462963,75,5,0.469136,76,,,mad,C_clean,0.023256,2,0.039474,3,,,,,5,transition,5,cbm,162,,162,pre_to_r1
0.469136,76,4,0.469136,76,,,mad,C_clean,0.023256,2,0.026316,2,,,,,4,transition,5,cbm,162,,162,pre_to_r2
0.469136,76,3,0.462963,75,,,mad,C_clean,0.022989,2,0.013333,1,,,,,3,transition,5,cbm,162,,162,r1_to_r2
0.475309,77,1,0.469136,76,,,self,C_clean,0.011628,1,0.0,0,,,,,0,transition,5,cbm,162,,162,pre_to_r1
0.475309,77,1,0.469136,76,,,self,C_clean,0.011628,1,0.0,0,,,,,0,transition,5,cbm,162,,162,pre_to_r2
0.475309,77,0,0.475309,77,,,self,C_clean,0.0,0,0.0,0,,,,,0,transition,5,cbm,162,,162,r1_to_r2
0.419753,68,8,0.395062,64,,,mad,D_update,0.040816,4,0.0,0,,,,,5,transition,4,cbm,162,,162,pre_to_r1
0.432099,70,9,0.395062,64,,,mad,D_update,0.061224,6,0.0,0,,,,,7,transition,4,cbm,162,,162,pre_to_r2
0.432099,70,2,0.419753,68,,,mad,D_update,0.021277,2,0.0,0,,,,,1,transition,4,cbm,162,,162,r1_to_r2
0.401235,65,7,0.395062,64,,,self,D_update,0.010204,1,0.0,0,,,,,0,transition,4,cbm,162,,162,pre_to_r1
0.401235,65,7,0.395062,64,,,self,D_update,0.010204,1,0.0,0,,,,,0,transition,4,cbm,162,,162,pre_to_r2
0.401235,65,0,0.401235,65,,,self,D_update,0.0,0,0.0,0,,,,,0,transition,4,cbm,162,,162,r1_to_r2
0.444444,72,3,0.432099,70,,,mad,D_update,0.021739,2,0.0,0,,,,,3,transition,5,cbm,162,,162,pre_to_r1
0.444444,72,3,0.432099,70,,,mad,D_update,0.021739,2,0.0,0,,,,,3,transition,5,cbm,162,,162,pre_to_r2
0.444444,72,0,0.444444,72,,,mad,D_update,0.0,0,0.0,0,,,,,0,transition,5,cbm,162,,162,r1_to_r2
0.432099,70,0,0.432099,70,,,self,D_update,0.0,0,0.0,0,,,,,0,transition,5,cbm,162,,162,pre_to_r1
0.432099,70,0,0.432099,70,,,self,D_update,0.0,0,0.0,0,,,,,0,transition,5,cbm,162,,162,pre_to_r2
0.432099,70,0,0.432099,70,,,self,D_update,0.0,0,0.0,0,,,,,0,transition,5,cbm,162,,162,r1_to_r2
0.222222,36,4,0.222222,36,,,mad,E_noise,0.0,0,0.0,0,,,,,4,transition,1,cbm,162,,162,pre_to_r1
0.222222,36,4,0.222222,36,,,mad,E_noise,0.0,0,0.0,0,,,,,4,transition,1,cbm,162,,162,pre_to_r2
0.222222,36,0,0.222222,36,,,mad,E_noise,0.0,0,0.0,0,,,,,0,transition,1,cbm,162,,162,r1_to_r2
0.320988,52,33,0.222222,36,,,self,E_noise,0.126984,16,0.0,0,,,,,0,transition,1,cbm,162,,162,pre_to_r1
0.450617,73,53,0.222222,36,,,self,E_noise,0.293651,37,0.0,0,,,,,0,transition,1,cbm,162,,162,pre_to_r2
0.450617,73,26,0.320988,52,,,self,E_noise,0.2,22,0.019231,1,,,,,0,transition,1,cbm,162,,162,r1_to_r2
0.358025,58,9,0.320988,52,,,mad,E_noise,0.054545,6,0.0,0,,,,,3,transition,2,cbm,162,,162,pre_to_r1
0.401235,65,18,0.320988,52,,,mad,E_noise,0.118182,13,0.0,0,,,,,11,transition,2,cbm,162,,162,pre_to_r2
0.401235,65,13,0.358025,58,,,mad,E_noise,0.086538,9,0.034483,2,,,,,8,transition,2,cbm,162,,162,r1_to_r2
0.320988,52,9,0.320988,52,,,self,E_noise,0.0,0,0.0,0,,,,,0,transition,2,cbm,162,,162,pre_to_r1
0.32716,53,10,0.320988,52,,,self,E_noise,0.009091,1,0.0,0,,,,,0,transition,2,cbm,162,,162,pre_to_r2
0.32716,53,1,0.320988,52,,,self,E_noise,0.009091,1,0.0,0,,,,,0,transition,2,cbm,162,,162,r1_to_r2
0.407407,66,15,0.358025,58,,,mad,E_noise,0.076923,8,0.0,0,,,,,6,transition,3,cbm,162,,162,pre_to_r1
0.450617,73,25,0.358025,58,,,mad,E_noise,0.144231,15,0.0,0,,,,,20,transition,3,cbm,162,,162,pre_to_r2
0.450617,73,15,0.407407,66,,,mad,E_noise,0.09375,9,0.030303,2,,,,,11,transition,3,cbm,162,,162,r1_to_r2
0.364198,59,2,0.358025,58,,,self,E_noise,0.009615,1,0.0,0,,,,,0,transition,3,cbm,162,,162,pre_to_r1
0.37037,60,3,0.358025,58,,,self,E_noise,0.019231,2,0.0,0,,,,,0,transition,3,cbm,162,,162,pre_to_r2
0.37037,60,1,0.364198,59,,,self,E_noise,0.009709,1,0.0,0,,,,,0,transition,3,cbm,162,,162,r1_to_r2
0.481481,78,6,0.45679,74,,,mad,E_noise,0.045455,4,0.0,0,,,,,6,transition,4,cbm,162,,162,pre_to_r1
0.481481,78,7,0.45679,74,,,mad,E_noise,0.045455,4,0.0,0,,,,,7,transition,4,cbm,162,,162,pre_to_r2
0.481481,78,1,0.481481,78,,,mad,E_noise,0.0,0,0.0,0,,,,,1,transition,4,cbm,162,,162,r1_to_r2
0.45679,74,0,0.45679,74,,,self,E_noise,0.0,0,0.0,0,,,,,0,transition,4,cbm,162,,162,pre_to_r1
0.45679,74,0,0.45679,74,,,self,E_noise,0.0,0,0.0,0,,,,,0,transition,4,cbm,162,,162,pre_to_r2
0.45679,74,0,0.45679,74,,,self,E_noise,0.0,0,0.0,0,,,,,0,transition,4,cbm,162,,162,r1_to_r2
0.444444,72,1,0.438272,71,,,mad,E_noise,0.010989,1,0.0,0,,,,,1,transition,5,cbm,162,,162,pre_to_r1
0.444444,72,1,0.438272,71,,,mad,E_noise,0.010989,1,0.0,0,,,,,1,transition,5,cbm,162,,162,pre_to_r2
0.444444,72,0,0.444444,72,,,mad,E_noise,0.0,0,0.0,0,,,,,0,transition,5,cbm,162,,162,r1_to_r2
0.444444,72,1,0.438272,71,,,self,E_noise,0.010989,1,0.0,0,,,,,0,transition,5,cbm,162,,162,pre_to_r1
0.444444,72,1,0.438272,71,,,self,E_noise,0.010989,1,0.0,0,,,,,0,transition,5,cbm,162,,162,pre_to_r2
0.444444,72,0,0.444444,72,,,self,E_noise,0.0,0,0.0,0,,,,,0,transition,5,cbm,162,,162,r1_to_r2
1.0,162,0,1.0,162,,,mad,A_original,,0,0.0,0,,,,,0,transition,,static,162,,162,pre_to_r1
1.0,162,0,1.0,162,,,mad,A_original,,0,0.0,0,,,,,0,transition,,static,162,,162,pre_to_r2
1.0,162,0,1.0,162,,,mad,A_original,,0,0.0,0,,,,,0,transition,,static,162,,162,r1_to_r2
1.0,162,0,1.0,162,,,self,A_original,,0,0.0,0,,,,,0,transition,,static,162,,162,pre_to_r1
1.0,162,0,1.0,162,,,self,A_original,,0,0.0,0,,,,,0,transition,,static,162,,162,pre_to_r2
1.0,162,0,1.0,162,,,self,A_original,,0,0.0,0,,,,,0,transition,,static,162,,162,r1_to_r2
,,,,,86,38,,C_clean,,,,,10,-0.111111,28,162,,mad_vs_self,1,cbm,,162,,
,,,,,69,78,,C_clean,,,,,13,0.067901,2,162,,mad_vs_self,2,cbm,,162,,
,,,,,70,77,,C_clean,,,,,14,0.080247,1,162,,mad_vs_self,3,cbm,,162,,
,,,,,84,76,,C_clean,,,,,2,0.012346,0,162,,mad_vs_self,4,cbm,,162,,
,,,,,75,84,,C_clean,,,,,1,-0.006173,2,162,,mad_vs_self,5,cbm,,162,,
,,,,,65,92,,D_update,,,,,5,0.030864,0,162,,mad_vs_self,4,cbm,,162,,
,,,,,70,90,,D_update,,,,,2,0.012346,0,162,,mad_vs_self,5,cbm,,162,,
,,,,,36,89,,E_noise,,,,,0,-0.228395,37,162,,mad_vs_self,1,cbm,,162,,
,,,,,53,97,,E_noise,,,,,12,0.074074,0,162,,mad_vs_self,2,cbm,,162,,
,,,,,59,88,,E_noise,,,,,14,0.080247,1,162,,mad_vs_self,3,cbm,,162,,
,,,,,74,84,,E_noise,,,,,4,0.024691,0,162,,mad_vs_self,4,cbm,,162,,
,,,,,72,90,,E_noise,,,,,0,0.0,0,162,,mad_vs_self,5,cbm,,162,,
,,,,,162,0,,A_original,,,,,0,0.0,0,162,,mad_vs_self,,static,,162,,
